{
  "model_name": "MLP_Medium_Scaled",
  "loss_type": "mse",
  "training_history": [
    {
      "epoch": 1,
      "train_loss": 3.418774580142968,
      "val_loss": 1.830787712310934,
      "val_mse": 1.8409801721572876,
      "val_mae": 0.4778366982936859,
      "val_da": 0.7624494511842865,
      "val_ev": 0.7730987668037415,
      "val_mse_per_torque": "[2.375543  1.0910292 2.0563686]",
      "epoch_time": 8.915481567382812
    }
  ],
  "best_results": {
    "loss": 1.830787712310934,
    "mse": 1.8409801721572876,
    "mae": 0.4778366982936859,
    "direction_accuracy": 0.7624494511842865,
    "explained_variance": 0.7730987668037415,
    "mse_per_torque": "[2.375543  1.0910292 2.0563686]"
  },
  "final_test_results": {
    "loss": 1.7191879042048952,
    "mse": 1.7186981439590454,
    "mae": 0.45902279019355774,
    "direction_accuracy": 0.7883066868946201,
    "explained_variance": 0.7828998565673828,
    "mse_per_torque": "[2.1161184 0.9086118 2.131364 ]"
  }
}