{
  "model_name": "MLP_Medium_Scaled",
  "loss_type": "mse",
  "training_history": [
    {
      "epoch": 1,
      "train_loss": 3.4837670317206113,
      "val_loss": 1.8221114903910836,
      "val_mse": 1.8222869634628296,
      "val_mae": 0.5124809741973877,
      "val_da": 0.9095715729725526,
      "val_ev": 0.7749378085136414,
      "val_mse_per_torque": "[2.157942  1.0116757 2.2972434]",
      "epoch_time": 8.78104281425476
    }
  ],
  "best_results": {
    "loss": 1.8221114903910836,
    "mse": 1.8222869634628296,
    "mae": 0.5124809741973877,
    "direction_accuracy": 0.9095715729725526,
    "explained_variance": 0.7749378085136414,
    "mse_per_torque": "[2.157942  1.0116757 2.2972434]"
  },
  "final_test_results": {
    "loss": 1.9889607712515254,
    "mse": 1.9981695413589478,
    "mae": 0.5161535739898682,
    "direction_accuracy": 0.8922211808809747,
    "explained_variance": 0.7670339941978455,
    "mse_per_torque": "[2.3738236 1.0691636 2.5515213]"
  }
}