{
  "model_name": "MLP_Small_Scaled",
  "loss_type": "mse",
  "training_history": [
    {
      "epoch": 1,
      "train_loss": 4.133916821744707,
      "val_loss": 2.3276485017052404,
      "val_mse": 2.3292951583862305,
      "val_mae": 0.5637676119804382,
      "val_da": 0.7125304277269039,
      "val_ev": 0.7027104496955872,
      "val_mse_per_torque": "[3.1106343 1.3245696 2.5526817]",
      "epoch_time": 8.726179838180542
    }
  ],
  "best_results": {
    "loss": 2.3276485017052404,
    "mse": 2.3292951583862305,
    "mae": 0.5637676119804382,
    "direction_accuracy": 0.7125304277269039,
    "explained_variance": 0.7027104496955872,
    "mse_per_torque": "[3.1106343 1.3245696 2.5526817]"
  },
  "final_test_results": {
    "loss": 2.4849794489366035,
    "mse": 2.4963319301605225,
    "mae": 0.575223982334137,
    "direction_accuracy": 0.7106303791579437,
    "explained_variance": 0.7000735402107239,
    "mse_per_torque": "[3.4776497 1.3883469 2.6229997]"
  }
}