{
  "model_name": "MLP_Medium_Scaled",
  "loss_type": "mse",
  "training_history": [
    {
      "epoch": 1,
      "train_loss": 3.4025477366243946,
      "val_loss": 1.8285601311637198,
      "val_mse": 1.840376377105713,
      "val_mae": 0.45540907979011536,
      "val_da": 0.8112473018809744,
      "val_ev": 0.7688413262367249,
      "val_mse_per_torque": "[2.5979388  0.88637924 2.036811  ]",
      "epoch_time": 8.910592555999756
    }
  ],
  "best_results": {
    "loss": 1.8285601311637198,
    "mse": 1.840376377105713,
    "mae": 0.45540907979011536,
    "direction_accuracy": 0.8112473018809744,
    "explained_variance": 0.7688413262367249,
    "mse_per_torque": "[2.5979388  0.88637924 2.036811  ]"
  },
  "final_test_results": {
    "loss": 1.7126889538728813,
    "mse": 1.721482753753662,
    "mae": 0.4456123411655426,
    "direction_accuracy": 0.8137208938896703,
    "explained_variance": 0.7697550654411316,
    "mse_per_torque": "[2.2986348  0.96871144 1.8971021 ]"
  }
}