{
    "controller_type": "mpc",
    "model_path": null,
    "num_episodes": 2,
    "max_steps": 100,
    "tolerance": 0.02,
    "timestamp": "2025-11-25T01:46:01.225648",
    "aggregate_metrics": {
        "success_rate": 0.5,
        "mean_steps_to_target": 51.0,
        "mean_final_ee_error": 0.023300864074963873,
        "std_final_ee_error": 0.01639604920043359,
        "mean_tracking_error": 0.13635687978075828,
        "std_tracking_error": 0.009793489874344044,
        "mean_control_effort": 0.9033183246407608,
        "std_control_effort": 0.011510236107867056,
        "mean_solve_time": 0.001962653398513794,
        "std_solve_time": 0.0005860888957977296
    },
    "episode_metrics": [
        {
            "reached_target": false,
            "steps_to_target": 100,
            "final_ee_error": 0.03969691327539746,
            "final_joint_error": 0.012165852795923922,
            "mean_ee_error": 0.1461503696551023,
            "std_ee_error": 0.18922173050427726,
            "max_ee_error": 0.7196687311291419,
            "mean_joint_error": 0.24251297851734566,
            "std_joint_error": 0.39716910632887414,
            "mean_control_effort": 0.8918080885328937,
            "std_control_effort": 2.6517561471679842,
            "total_control_effort": 89.18080885328938,
            "mean_solve_time": 0.0025487422943115236,
            "std_solve_time": 0.01045060635336348,
            "total_time": 0.25487422943115234,
            "episode": 0,
            "target_pos": [
                -0.450183952461055,
                0.36057144512793293,
                0.5195981825434215
            ],
            "target_joints": [
                -0.6753153525934961,
                -1.3663394691857966,
                -7.869348678110984e-17
            ]
        },
        {
            "reached_target": true,
            "steps_to_target": 51,
            "final_ee_error": 0.006904814874530285,
            "final_joint_error": 0.014693779384105052,
            "mean_ee_error": 0.12656338990641422,
            "std_ee_error": 0.20466334817608978,
            "max_ee_error": 0.7546957666258544,
            "mean_joint_error": 0.2712391936101982,
            "std_joint_error": 0.453527823208566,
            "mean_control_effort": 0.9148285607486278,
            "std_control_effort": 2.861837650060725,
            "total_control_effort": 91.48285607486278,
            "mean_solve_time": 0.0013765645027160643,
            "std_solve_time": 0.0007383635851238471,
            "total_time": 0.13765645027160645,
            "episode": 1,
            "target_pos": [
                -0.36053660632118534,
                -0.2751850876460508,
                0.3467983561008608
            ],
            "target_joints": [
                0.6519369968350263,
                -1.1551736404615116,
                -1.1873777468425024
            ]
        }
    ]
}